scores,layer,head
0.8132495,4,0
0.81178945,27,12
0.7974632,12,14
0.77384424,13,15
0.77348584,5,1
0.7647062,3,4
0.76287776,13,8
0.7592371,3,6
0.75474924,39,14
0.75468034,3,7
0.7543039,3,9
0.7371642,4,15
0.73216176,39,15
0.7210898,4,13
0.7127151,3,2
0.70928085,7,1
0.70693636,7,0
0.7046199,11,2
0.7027723,5,0
0.69696826,7,7
0.6947664,3,5
0.6916625,3,11
0.69079345,5,6
0.68817824,20,6
0.6837949,7,9
0.6771633,0,9
0.6771102,2,0
0.67586434,8,14
0.6758643,2,2
0.6752077,3,1
0.6741013,7,14
0.66667163,12,13
0.6659911,2,11
0.66402346,6,12
0.66296905,3,0
0.6609698,5,5
0.6590489,4,11
0.657902,7,2
0.6574421,1,2
0.65692115,2,4
0.6548981,1,9
0.65395266,7,4
0.6529746,5,4
0.65210223,4,2
0.6518341,1,7
0.65103126,1,1
0.6506649,2,12
0.6505347,2,14
0.6492906,6,14
0.6480975,5,9
0.6480695,4,4
0.6477232,7,5
0.6465831,2,6
0.6459321,2,1
0.64548147,7,8
0.6439488,11,9
0.6431526,1,8
0.6421899,1,12
0.6416083,32,9
0.64153224,3,14
0.6413604,16,2
0.64034855,32,12
0.6395598,4,10
0.6373224,2,5
0.6372964,4,6
0.6350016,1,6
0.63480514,32,8
0.632628,1,13
0.63259715,4,8
0.6312036,3,3
0.6298362,9,9
0.6290133,2,9
0.6287731,7,11
0.6283234,6,11
0.62500143,11,7
0.6229297,8,12
0.6228835,29,5
0.6225824,13,4
0.62217396,12,9
0.6209642,30,5
0.62080145,5,7
0.619328,7,3
0.6190927,1,11
0.61854434,15,14
0.618403,2,3
0.6171125,1,0
0.61635506,1,14
0.6162647,9,15
0.61557806,1,10
0.6148273,1,5
0.6133207,1,3
0.6130709,8,11
0.6122718,8,15
0.61149806,4,14
0.61006004,6,15
0.6092499,30,6
0.6085983,11,14
0.60715395,3,15
0.6067012,11,0
0.60461783,4,5
0.6041269,8,8
0.604056,9,0
0.6039166,9,8
0.60291135,30,3
0.6023165,9,6
0.60225046,14,12
0.6020875,8,4
0.6015638,10,4
0.60089463,6,2
0.60079396,28,7
0.60079294,5,3
0.6007245,16,6
0.59950554,10,11
0.5991487,7,13
0.5983632,9,4
0.5978432,20,13
0.5960959,10,12
0.5957417,16,9
0.59526134,28,3
0.5946789,28,2
0.59437615,9,1
0.5930874,7,10
0.5928202,6,10
0.59232295,28,6
0.59203166,36,1
0.59198844,28,0
0.59078777,12,0
0.5887208,6,9
0.5884098,35,8
0.58839136,8,2
0.5879989,31,9
0.58768004,30,10
0.58752316,9,7
0.58621943,8,3
0.5854837,20,12
0.58539015,34,11
0.58427393,30,4
0.58406633,35,3
0.5836962,26,1
0.5836415,39,4
0.5832809,10,2
0.5830106,34,2
0.5828887,5,12
0.58143973,6,4
0.5810815,8,7
0.5803691,15,6
0.57952476,14,6
0.5790381,14,8
0.57899356,9,11
0.5786925,27,15
0.57821125,14,0
0.57788163,6,7
0.5776459,28,1
0.57734096,11,15
0.5773365,27,13
0.57641286,10,10
0.5761098,11,6
0.5751652,6,8
0.57483155,28,13
0.5743899,30,1
0.57339746,29,10
0.57320166,11,1
0.57197976,32,4
0.57189995,11,3
0.5717581,11,13
0.5714774,34,13
0.5707652,14,2
0.56956255,32,3
0.56916064,32,13
0.567825,11,10
0.5670961,31,15
0.5647776,34,0
0.5647329,32,5
0.564409,14,1
0.5640707,34,1
0.56383085,34,10
0.5629332,6,5
0.56263804,2,13
0.5625843,33,8
0.5620594,29,8
0.5618823,41,1
0.56177723,11,11
0.56162417,32,15
0.5616016,10,3
0.56143,35,12
0.56141883,30,0
0.56101084,34,6
0.5604523,32,14
0.5591245,39,10
0.5582607,0,14
0.558145,10,6
0.5580728,30,11
0.55756,8,10
0.5573367,28,12
0.55706644,13,10
0.55692285,6,6
0.5559659,9,12
0.55556035,13,14
0.5555122,36,13
0.5552776,38,6
0.554993,37,0
0.5540858,35,0
0.5539252,26,15
0.55365974,28,14
0.5534375,6,3
0.5532849,30,2
0.5528937,16,10
0.5525992,16,7
0.5520704,31,12
0.5519394,5,14
0.5519299,9,13
0.5515093,13,1
0.5512756,31,11
0.5511355,13,11
0.5507966,13,13
0.5505665,13,7
0.55005467,31,0
0.55003196,10,1
0.54974407,12,15
0.5497399,35,14
0.5493076,29,14
0.5489764,36,6
0.5487066,10,15
0.547696,7,15
0.5474813,40,13
0.5473771,35,10
0.54658586,14,15
0.5464255,34,14
0.5463671,8,0
0.5463154,38,13
0.54596454,35,1
0.5450404,33,15
0.54494184,26,0
0.5444689,36,0
0.5443,13,0
0.54402804,36,12
0.5435502,36,7
0.54323936,30,13
0.54301494,27,0
0.54299045,37,1
0.5428754,0,7
0.54268944,27,9
0.54175144,33,10
0.5410939,37,14
0.54102343,30,12
0.54096,26,14
0.540657,6,0
0.53959805,39,9
0.53906435,35,13
0.5386041,33,14
0.53795624,38,10
0.5373833,28,10
0.53697836,34,12
0.5369161,14,11
0.5368632,34,15
0.53677505,27,6
0.53628767,34,4
0.5362651,27,4
0.53622794,32,1
0.5356231,36,5
0.53541595,37,11
0.5344707,28,9
0.5341155,38,2
0.5330564,37,2
0.532519,30,9
0.53240687,32,6
0.5317176,4,3
0.5315677,33,11
0.53105503,9,2
0.5307214,28,8
0.5302849,31,2
0.5299629,26,12
0.52982444,11,4
0.529146,33,0
0.5282366,40,3
0.5278837,34,3
0.5277487,29,1
0.5272494,9,3
0.5267939,29,0
0.5266856,16,11
0.52644783,32,11
0.5264218,38,12
0.5261682,36,9
0.5256753,35,7
0.5249609,0,10
0.52465516,27,2
0.52460635,33,3
0.5242562,29,9
0.52415496,31,5
0.52409416,37,4
0.5233659,37,6
0.52283436,10,7
0.52214223,29,13
0.5221279,38,3
0.52208275,39,8
0.52207494,33,1
0.5216141,37,12
0.52122146,35,4
0.52115846,15,5
0.5210805,6,1
0.5205459,10,5
0.5205129,35,11
0.51964027,40,14
0.51952744,27,3
0.51948977,12,12
0.5193896,32,2
0.5193698,40,15
0.5190715,31,3
0.518869,26,11
0.5183121,15,3
0.51822525,38,9
0.517828,35,2
0.5168823,0,6
0.5158101,35,9
0.51554644,13,2
0.5153346,33,9
0.51363295,16,14
0.5126018,4,7
0.51209205,12,2
0.51188356,12,6
0.51169944,40,9
0.51137424,20,9
0.5109563,26,7
0.5108909,28,5
0.51058835,17,14
0.5104889,15,2
0.51025355,5,10
0.5099719,32,7
0.50967276,14,4
0.50852233,41,0
0.50849986,10,8
0.5081155,18,5
0.50796676,38,1
0.5078255,40,10
0.5075712,27,7
0.50710195,37,9
0.5067578,36,8
0.50619805,15,4
0.5059741,37,10
0.505957,15,11
0.50578517,12,4
0.50562745,38,11
0.5043938,35,6
0.5041286,21,0
0.50407994,36,2
0.50391465,0,5
0.5037854,40,4
0.5034848,12,3
0.50343525,0,11
0.50311565,28,4
0.5023906,34,5
0.50195664,14,13
0.50006586,31,13
0.49958032,18,12
0.4994436,3,13
0.49913213,31,8
0.4990709,30,15
0.4989812,25,7
0.49893782,17,9
0.49771884,15,0
0.4976025,16,3
0.4974911,25,13
0.49697822,0,12
0.49654174,26,13
0.4962292,24,14
0.49610558,39,5
0.49594775,40,12
0.4958074,0,15
0.49571565,32,0
0.49486426,13,12
0.493632,2,7
0.49298468,40,1
0.49264988,18,11
0.49162102,29,2
0.49160066,34,9
0.49072647,40,5
0.49061117,28,11
0.48987165,16,15
0.48946097,17,0
0.48876485,10,9
0.48858258,31,4
0.48812363,20,15
0.48748836,24,10
0.4873916,41,14
0.48733407,37,3
0.48643252,20,7
0.48631412,18,10
0.4861587,24,8
0.48581332,26,6
0.48491052,9,10
0.4847697,18,9
0.48353198,17,8
0.48348397,39,0
0.48142907,17,15
0.48140782,29,11
0.4812366,20,14
0.4810153,33,4
0.48004678,16,0
0.47911596,33,7
0.47856662,20,8
0.4784939,18,4
0.47781745,29,3
0.47753856,39,2
0.47729346,19,6
0.47717756,30,8
0.47563738,17,6
0.4754882,15,10
0.47534284,16,5
0.4742548,39,13
0.47416413,25,1
0.47401878,7,6
0.4739836,22,10
0.4731472,21,3
0.47290006,33,2
0.4717481,35,5
0.4717278,36,10
0.471677,41,12
0.47157675,21,2
0.47102416,17,2
0.47084334,25,12
0.46952602,29,6
0.46912304,8,13
0.46650097,22,11
0.46615168,23,7
0.46583003,23,4
0.4657496,34,7
0.46523583,9,14
0.46476582,31,10
0.46403018,26,4
0.46393067,18,6
0.46319157,29,7
0.46280622,38,7
0.46252176,41,3
0.46243644,5,11
0.46161094,38,8
0.46134022,29,15
0.46128947,39,7
0.4609592,24,6
0.4607503,41,9
0.46044084,40,8
0.46010336,40,6
0.45902368,17,11
0.45747843,18,8
0.45741382,17,5
0.45723218,41,2
0.45657519,5,8
0.45598733,11,8
0.45591217,17,1
0.45576537,22,5
0.455427,23,2
0.45473647,36,11
0.45438948,24,12
0.4542636,41,8
0.4541769,41,10
0.45316812,27,11
0.45264208,26,5
0.45208162,35,15
0.451177,13,5
0.45031673,24,15
0.4486654,19,8
0.4484171,19,9
0.447913,33,13
0.44709912,22,12
0.44695893,26,2
0.4455287,25,15
0.44533226,18,3
0.44404054,5,2
0.4440045,24,1
0.44296378,40,0
0.44295478,24,7
0.44282553,31,1
0.44251356,14,14
0.44044504,31,7
0.43990597,41,13
0.43928605,21,7
0.43834406,26,3
0.4369814,24,0
0.43668213,36,3
0.4333349,21,9
0.4329765,18,7
0.4320139,25,2
0.4315432,8,9
0.43094617,21,4
0.4296093,21,13
0.42948693,25,8
0.4294799,22,4
0.4285899,31,6
0.42857632,0,4
0.42789012,12,5
0.42778516,37,7
0.42752266,33,6
0.42663857,25,9
0.42600223,22,1
0.4259519,28,15
0.42561483,36,14
0.42543477,23,6
0.42394084,36,4
0.4239245,23,3
0.4237388,21,5
0.42363876,10,0
0.422,37,15
0.42182308,19,4
0.421683,12,8
0.42124313,19,0
0.42109433,27,5
0.42050937,38,14
0.42013916,41,15
0.41954127,20,5
0.4181896,25,10
0.41810465,0,2
0.41806152,41,7
0.4170878,26,9
0.41658074,21,12
0.41649756,38,4
0.41607276,24,5
0.41597208,17,12
0.41498086,2,8
0.4142111,19,11
0.41404638,25,6
0.4139535,16,1
0.41367593,37,13
0.41335627,18,15
0.4104467,25,4
0.40795925,30,14
0.40779507,23,15
0.40752074,22,6
0.40476713,34,8
0.4032163,0,1
0.40265426,12,10
0.4010941,23,14
0.40102217,23,9
0.4009777,19,5
0.39638102,18,2
0.39569825,19,10
0.39561152,3,10
0.3955691,20,4
0.39472142,32,10
0.39427873,33,12
0.39322543,5,15
0.3929789,12,11
0.39195293,27,8
0.39162552,39,11
0.3907147,19,7
0.3902354,17,4
0.3876862,38,0
0.38575113,40,7
0.38461223,25,5
0.38274267,22,2
0.3820988,33,5
0.37638113,39,1
0.37612963,20,2
0.37573686,41,4
0.37515646,40,2
0.37498355,1,15
0.3749667,23,8
0.37404582,37,8
0.37177628,23,11
0.36942723,18,14
0.36915857,0,13
0.3685431,29,12
0.36836445,22,7
0.3629038,23,13
0.35814002,23,5
0.3562015,22,3
0.35575253,3,8
0.35219833,41,6
0.3515336,25,14
0.34983724,23,12
0.34929684,19,2
0.34860662,40,11
0.3470778,25,3
0.346813,21,6
0.34669125,17,7
0.3464451,41,11
0.34433326,36,15
0.34356064,25,11
0.34292972,15,9
0.3406995,26,8
0.3396061,22,0
0.3395334,25,0
0.33571273,21,10
0.33264354,2,10
0.32995132,22,13
0.3287474,29,4
0.3282751,0,3
0.32673404,39,12
0.32437712,4,9
0.32419702,27,14
0.32004383,21,8
0.31939945,31,14
0.3089894,30,7
0.30819514,21,15
0.30786064,8,5
0.3070976,27,1
0.30171847,22,9
0.30064017,38,15
0.30028042,24,13
0.29817158,39,3
0.29607522,21,14
0.29586256,10,14
0.29377884,22,15
0.2888401,15,7
0.2883006,19,1
0.2863385,22,14
0.2861504,20,11
0.2849932,38,5
0.28434,39,6
0.28199482,24,3
0.2818567,19,14
0.28129956,21,11
0.2788956,16,12
0.26993006,41,5
0.26942626,20,3
0.26915762,19,15
0.26880136,19,13
0.26856753,16,13
0.26539955,23,1
0.26229703,26,10
0.26067388,3,12
0.26043525,6,13
0.2603761,22,8
0.2571048,20,1
0.25371888,24,2
0.25208867,17,10
0.24936593,19,3
0.24890003,17,3
0.24790283,2,15
0.24734442,16,4
0.24691215,18,1
0.24634859,37,5
0.24305497,8,1
0.2427561,15,8
0.24164332,20,10
0.24132635,24,4
0.23756003,16,8
0.23544906,13,3
0.23353389,20,0
0.23177165,18,0
0.2302112,19,12
0.22700924,12,1
0.22452267,24,9
0.22387695,7,12
0.21916042,18,13
0.20780529,24,11
0.20470406,27,10
0.20376025,15,12
0.20363195,0,8
0.20352596,14,10
0.20166132,13,6
0.19395752,0,0
0.18723877,23,0
0.17901821,4,12
0.17483512,21,1
0.1732296,23,10
0.1614027,4,1
0.15425436,15,1
0.15123124,11,5
0.14796716,5,13
0.1462807,14,5
0.14481527,11,12
0.1393901,17,13
0.12576616,1,4
0.12029732,15,13
0.11373571,12,7
0.10415237,14,9
0.09323519,14,3
0.09276713,14,7
0.09211892,8,6
0.08596026,9,5
0.059149068,10,13
0.022661606,15,15
0.017994914,13,9
